"Part";"Value";"Device";"Footprint Name";"Detailed Description";"CATEGORY";"MANUFACTURER";"MPN";"OPERATING_TEMP";"PART_STATUS";"RATING";"ROHS_COMPLIANT";"SERIES";"SPICEPREFIX";"STANDARD";"SUB-CATEGORY";"THERMALLOSS";"TOLERANCE";"TYPE";"VOLTAGE_RATING";
"0.1?";"CRA2512-FZ-R100ELF";"CRA2512-FZ-R100ELF";"RESC6432X90N";"Smd Current Sense Resistors, Cr Series, 0.1 Ohm, 3 W, - 1%, 2512 [6432 Metric]";"";"";"";"";"";"";"";"";"";"";"";"";"";"";"";
"0.1?1";"CRA2512-FZ-R100ELF";"CRA2512-FZ-R100ELF";"RESC6432X90N";"Smd Current Sense Resistors, Cr Series, 0.1 Ohm, 3 W, - 1%, 2512 [6432 Metric]";"";"";"";"";"";"";"";"";"";"";"";"";"";"";"";
"0.1?2";"CRA2512-FZ-R100ELF";"CRA2512-FZ-R100ELF";"RESC6432X90N";"Smd Current Sense Resistors, Cr Series, 0.1 Ohm, 3 W, - 1%, 2512 [6432 Metric]";"";"";"";"";"";"";"";"";"";"";"";"";"";"";"";
"0.1?3";"CRA2512-FZ-R100ELF";"CRA2512-FZ-R100ELF";"RESC6432X90N";"Smd Current Sense Resistors, Cr Series, 0.1 Ohm, 3 W, - 1%, 2512 [6432 Metric]";"";"";"";"";"";"";"";"";"";"";"";"";"";"";"";
"0.1?4";"CRA2512-FZ-R100ELF";"CRA2512-FZ-R100ELF";"RESC6432X90N";"Smd Current Sense Resistors, Cr Series, 0.1 Ohm, 3 W, - 1%, 2512 [6432 Metric]";"";"";"";"";"";"";"";"";"";"";"";"";"";"";"";
"0.1?5";"CRA2512-FZ-R100ELF";"CRA2512-FZ-R100ELF";"RESC6432X90N";"Smd Current Sense Resistors, Cr Series, 0.1 Ohm, 3 W, - 1%, 2512 [6432 Metric]";"";"";"";"";"";"";"";"";"";"";"";"";"";"";"";
"47UF";"WCAP-ASLI_6.3X5.5";"WCAP-ASLI_6.3X5.5";"WCAP-ASLI_6.3X5.5(DXL)";"WCAP-ASLI Aluminium Electrolytic Capacitors";"";"";"";"";"";"";"";"";"B";"";"";"";"";"";"";
"47UF1";"WCAP-ASLI_6.3X5.5";"WCAP-ASLI_6.3X5.5";"WCAP-ASLI_6.3X5.5(DXL)";"WCAP-ASLI Aluminium Electrolytic Capacitors";"";"";"";"";"";"";"";"";"B";"";"";"";"";"";"";
"47UF2";"WCAP-ASLI_6.3X5.5";"WCAP-ASLI_6.3X5.5";"WCAP-ASLI_6.3X5.5(DXL)";"WCAP-ASLI Aluminium Electrolytic Capacitors";"";"";"";"";"";"";"";"";"B";"";"";"";"";"";"";
"47UF3";"WCAP-ASLI_6.3X5.5";"WCAP-ASLI_6.3X5.5";"WCAP-ASLI_6.3X5.5(DXL)";"WCAP-ASLI Aluminium Electrolytic Capacitors";"";"";"";"";"";"";"";"";"B";"";"";"";"";"";"";
"47UF4";"WCAP-ASLI_6.3X5.5";"WCAP-ASLI_6.3X5.5";"WCAP-ASLI_6.3X5.5(DXL)";"WCAP-ASLI Aluminium Electrolytic Capacitors";"";"";"";"";"";"";"";"";"B";"";"";"";"";"";"";
"47UF5";"WCAP-ASLI_6.3X5.5";"WCAP-ASLI_6.3X5.5";"WCAP-ASLI_6.3X5.5(DXL)";"WCAP-ASLI Aluminium Electrolytic Capacitors";"";"";"";"";"";"";"";"";"B";"";"";"";"";"";"";
"C1";"0.1uF";"C_CHIP-0402(1005-METRIC)";"CAPC1005X60";"Capacitor - Generic";"Capacitor";"";"";"";"";"";"";"";"";"";"";"";"";"";"";
"C2";"0.1uF";"C_CHIP-0402(1005-METRIC)";"CAPC1005X60";"Capacitor - Generic";"Capacitor";"";"";"";"";"";"";"";"";"";"";"";"";"";"";
"C3";"0.1uF";"C_CHIP-0402(1005-METRIC)";"CAPC1005X60";"Capacitor - Generic";"Capacitor";"";"";"";"";"";"";"";"";"";"";"";"";"";"";
"C4";"0.1uF";"C_CHIP-0402(1005-METRIC)";"CAPC1005X60";"Capacitor - Generic";"Capacitor";"";"";"";"";"";"";"";"";"";"";"";"";"";"";
"C5";"0.1uF";"C_CHIP-0402(1005-METRIC)";"CAPC1005X60";"Capacitor - Generic";"Capacitor";"";"";"";"";"";"";"";"";"";"";"";"";"";"";
"C6";"0.1uF";"C_CHIP-0402(1005-METRIC)";"CAPC1005X60";"Capacitor - Generic";"Capacitor";"";"";"";"";"";"";"";"";"";"";"";"";"";"";
"C7";"0.1uF";"C_CHIP-0402(1005-METRIC)";"CAPC1005X60";"Capacitor - Generic";"Capacitor";"";"";"";"";"";"";"";"";"";"";"";"";"";"";
"C8";"0.1uF";"C_CHIP-0402(1005-METRIC)";"CAPC1005X60";"Capacitor - Generic";"Capacitor";"";"";"";"";"";"";"";"";"";"";"";"";"";"";
"C9";"0.1uF";"C_CHIP-0402(1005-METRIC)";"CAPC1005X60";"Capacitor - Generic";"Capacitor";"";"";"";"";"";"";"";"";"";"";"";"";"";"";
"C10";"0.1uF";"C_CHIP-0402(1005-METRIC)";"CAPC1005X60";"Capacitor - Generic";"Capacitor";"";"";"";"";"";"";"";"";"";"";"";"";"";"";
"C11";"0.1uF";"C_CHIP-0402(1005-METRIC)";"CAPC1005X60";"Capacitor - Generic";"Capacitor";"";"";"";"";"";"";"";"";"";"";"";"";"";"";
"C12";"0.1uF";"C_CHIP-0402(1005-METRIC)";"CAPC1005X60";"Capacitor - Generic";"Capacitor";"";"";"";"";"";"";"";"";"";"";"";"";"";"";
"C13";"10uF";"C_CHIP-0402(1005-METRIC)";"CAPC1005X60";"Capacitor - Generic";"Capacitor";"";"";"";"";"";"";"";"";"";"";"";"";"";"";
"C14";"0.1uF";"C_CHIP-0402(1005-METRIC)";"CAPC1005X60";"Capacitor - Generic";"Capacitor";"";"";"";"";"";"";"";"";"";"";"";"";"";"";
"DRV1";"DRV8871DDAR";"DRV8871DDAR";"VREG_LM5017MR/NOPB";"";"";"";"";"";"";"";"";"";"";"";"";"";"";"";"";
"DRV2";"DRV8871DDAR";"DRV8871DDAR";"VREG_LM5017MR/NOPB";"";"";"";"";"";"";"";"";"";"";"";"";"";"";"";"";
"DRV3";"DRV8871DDAR";"DRV8871DDAR";"VREG_LM5017MR/NOPB";"";"";"";"";"";"";"";"";"";"";"";"";"";"";"";"";
"DRV4";"DRV8871DDAR";"DRV8871DDAR";"VREG_LM5017MR/NOPB";"";"";"";"";"";"";"";"";"";"";"";"";"";"";"";"";
"DRV5";"DRV8871DDAR";"DRV8871DDAR";"VREG_LM5017MR/NOPB";"";"";"";"";"";"";"";"";"";"";"";"";"";"";"";"";
"DRV8871";"DRV8871DDAR";"DRV8871DDAR";"VREG_LM5017MR/NOPB";"";"";"";"";"";"";"";"";"";"";"";"";"";"";"";"";
"IC1";"ADS7828EB/2K5";"ADS7828EB/2K5";"SOP65P640X120-16N";"";"";"";"";"";"";"";"";"";"";"";"";"";"";"";"";
"J1";"PJ-002B";"PJ-002B";"CUI_PJ-002B";"2.5 mm Center Pin, 2.5 A, Right Angle, Through Hole, Dc Power Jack Connector";"";"CUI INC";"";"";"";"";"";"";"";"Manufacturer recommendations";"";"";"";"";"";
"R1";"20k";"R_CHIP-0402(1005-METRIC)";"RESC1005X40";"Resistor Fixed - Generic";"Resistor";"";"";"";"";"";"";"";"";"";"Fixed";"";"";"";"";
"R2";"20k";"R_CHIP-0402(1005-METRIC)";"RESC1005X40";"Resistor Fixed - Generic";"Resistor";"";"";"";"";"";"";"";"";"";"Fixed";"";"";"";"";
"R3";"1.8k";"R_CHIP-0402(1005-METRIC)";"RESC1005X40";"Resistor Fixed - Generic";"Resistor";"";"";"";"";"";"";"";"";"";"Fixed";"";"";"";"";
"R4";"1.8k";"R_CHIP-0402(1005-METRIC)";"RESC1005X40";"Resistor Fixed - Generic";"Resistor";"";"";"";"";"";"";"";"";"";"Fixed";"";"";"";"";
"R5";"20k";"R_CHIP-0402(1005-METRIC)";"RESC1005X40";"Resistor Fixed - Generic";"Resistor";"";"";"";"";"";"";"";"";"";"Fixed";"";"";"";"";
"R6";"20k";"R_CHIP-0402(1005-METRIC)";"RESC1005X40";"Resistor Fixed - Generic";"Resistor";"";"";"";"";"";"";"";"";"";"Fixed";"";"";"";"";
"R7";"20k";"R_CHIP-0402(1005-METRIC)";"RESC1005X40";"Resistor Fixed - Generic";"Resistor";"";"";"";"";"";"";"";"";"";"Fixed";"";"";"";"";
"R8";"20k";"R_CHIP-0402(1005-METRIC)";"RESC1005X40";"Resistor Fixed - Generic";"Resistor";"";"";"";"";"";"";"";"";"";"Fixed";"";"";"";"";
"R9";"5ohm";"R_CHIP-0402(1005-METRIC)";"RESC1005X40";"Resistor Fixed - Generic";"Resistor";"";"";"";"";"";"";"";"";"";"Fixed";"";"";"";"";
"U$1";"POT_4_MOTOR";"POT_4_MOTOR";"POT_4M";"";"";"";"";"";"";"";"";"";"";"";"";"";"";"";"";
"U$2";"POT_4_MOTOR";"POT_4_MOTOR";"POT_4M";"";"";"";"";"";"";"";"";"";"";"";"";"";"";"";"";
"U$3";"POT_4_MOTOR";"POT_4_MOTOR";"POT_4M";"";"";"";"";"";"";"";"";"";"";"";"";"";"";"";"";
"U$4";"SURFACE_MNT_ESP32";"SURFACE_MNT_ESP32";"ESP_SFC_MNT";"";"";"";"";"";"";"";"";"";"";"";"";"";"";"";"";
"U$5";"POT_4_MOTOR";"POT_4_MOTOR";"POT_4M";"";"";"";"";"";"";"";"";"";"";"";"";"";"";"";"";
"U$6";"POT_4_MOTOR";"POT_4_MOTOR";"POT_4M";"";"";"";"";"";"";"";"";"";"";"";"";"";"";"";"";
"U$7";"POT_4_MOTOR";"POT_4_MOTOR";"POT_4M";"";"";"";"";"";"";"";"";"";"";"";"";"";"";"";"";
"U1";"INA240A2DR";"INA240A2DR";"SOIC127P599X175-8N";"";"";"";"";"";"";"";"";"";"";"";"";"";"";"";"";
"U2";"INA240A2DR";"INA240A2DR";"SOIC127P599X175-8N";"";"";"";"";"";"";"";"";"";"";"";"";"";"";"";"";
"U3";"INA240A2DR";"INA240A2DR";"SOIC127P599X175-8N";"";"";"";"";"";"";"";"";"";"";"";"";"";"";"";"";
"U4";"INA240A2DR";"INA240A2DR";"SOIC127P599X175-8N";"";"";"";"";"";"";"";"";"";"";"";"";"";"";"";"";
"U5";"INA240A2DR";"INA240A2DR";"SOIC127P599X175-8N";"";"";"";"";"";"";"";"";"";"";"";"";"";"";"";"";
"U6";"INA240A2DR";"INA240A2DR";"SOIC127P599X175-8N";"";"";"";"";"";"";"";"";"";"";"";"";"";"";"";"";
